policy,knob,config,cost_instance_hours,slo_violation_fraction,slo_threshold_s,p50_age_s,p99_age_s,max_age_s,mean_instances,messages_arrived,messages_completed,unprocessed_at_end,completion_fraction
static,25.0,n=25,7200.0,0.9904761904761905,60.0,115651.37252619577,277634.1501018565,281512.00312538596,25.0,1249487,860273,389214,0.68850096079431
static,30.0,n=30,8640.0,0.9530197444831591,60.0,67678.03693257814,165849.96601784864,168517.27994264557,30.0,1249487,1012154,237333,0.8100556468374621
static,35.0,n=35,10080.0,0.9173635307781649,60.0,24089.904351134028,59934.684659385,62224.668827759684,35.0,1249487,1148485,101002,0.9191652254085076
static,40.0,n=40,11520.0,0.7815911730545877,60.0,3738.1010552523367,24003.51323321757,26307.364244104014,40.0,1249487,1204512,44975,0.9640052277454667
static,45.0,n=45,12960.0,0.5698606271777004,60.0,289.5006990689144,16120.898644709707,18243.08858654264,45.0,1249487,1216991,32496,0.9739925265328891
static,50.0,n=50,14400.0,0.35470383275261325,60.0,0.0,11361.221728358812,13266.542261590017,50.0,1249487,1226772,22715,0.9818205391492668
static,55.0,n=55,15840.0,0.227061556329849,60.0,0.0,7953.802838670104,9630.755884522805,55.0,1249487,1233324,16163,0.9870642911851024
static,60.0,n=60,17280.0,0.15481997677119627,60.0,0.0,5804.081391886585,7224.539391105063,60.0,1249487,1238964,10523,0.9915781436701623
static,65.0,n=65,18720.0,0.09576074332171892,60.0,0.0,4263.80499749386,5422.558035751921,65.0,1249487,1243557,5930,0.9952540522630487
static,70.0,n=70,20160.0,0.05551684088269454,60.0,0.0,3015.1223987593216,3973.343398984405,70.0,1249487,1247813,1674,0.9986602501666684
static,75.0,n=75,21600.0,0.039198606271777,60.0,0.0,1989.4599287865028,2793.804592676577,75.0,1249487,1249450,37,0.9999703878471725
static,80.0,n=80,23040.0,0.026713124274099883,60.0,0.0,1218.3859878587027,1872.9919170156354,80.0,1249487,1249450,37,0.9999703878471725
static,85.0,n=85,24480.0,0.020557491289198607,60.0,0.0,584.9796921208072,1109.4099556683796,85.0,1249487,1249450,37,0.9999703878471725
static,90.0,n=90,25920.0,0.013763066202090592,60.0,0.0,165.46146951791007,519.097574683954,90.0,1249487,1249450,37,0.9999703878471725
static,95.0,n=95,27360.0,0.0021486643437862952,60.0,0.0,7.729052861630932,72.60813678079285,95.0,1249487,1249450,37,0.9999703878471725
static,100.0,n=100,28800.0,0.0,60.0,0.0,0.0,21.770810889196582,100.0,1249487,1249450,37,0.9999703878471725
static,105.0,n=105,30240.0,0.0,60.0,0.0,0.0,13.336494759307243,105.0,1249487,1249450,37,0.9999703878471725
static,110.0,n=110,31680.0,0.0,60.0,0.0,0.0,5.492277159937657,110.0,1249487,1249450,37,0.9999703878471725
static,115.0,n=115,33120.0,0.0,60.0,0.0,0.0,2.520909924991429,115.0,1249487,1249450,37,0.9999703878471725
static,120.0,n=120,34560.0,0.0,60.0,0.0,0.0,0.9135830630548298,120.0,1249487,1249450,37,0.9999703878471725
static,125.0,n=125,36000.0,0.0,60.0,0.0,0.0,0.0,125.0,1249487,1249450,37,0.9999703878471725
static,130.0,n=130,37440.0,0.0,60.0,0.0,0.0,0.0,130.0,1249487,1249450,37,0.9999703878471725
backlog_per_instance,15.0,"budget=15s, floor=0",50776.59350470213,0.31898954703832755,60.0,0.0,178.56136019021332,179.92456666659564,91.20969802555169,1249487,1249450,37,0.9999703878471725
backlog_per_instance,15.0,"budget=15s, floor=20",36746.4102531617,0.18333333333333332,60.0,0.0,129.2042935070064,154.61424726305995,78.40871080139372,1249487,1249410,77,0.9999383747089806
backlog_per_instance,15.0,"budget=15s, floor=40",23286.391115538107,0.027409988385598143,60.0,0.0,75.27018449525028,122.52348729397636,63.004413472706155,1249487,1249450,37,0.9999703878471725
backlog_per_instance,15.0,"budget=15s, floor=60",19359.427631238694,0.0016840882694541231,60.0,0.0,36.50200275247276,81.26773175527342,64.15842044134727,1249487,1249450,37,0.9999703878471725
backlog_per_instance,15.0,"budget=15s, floor=80",23352.795160933307,0.0,60.0,0.0,8.05378536526246,55.65857108181808,80.62473867595818,1249487,1249450,37,0.9999703878471725
backlog_per_instance,30.0,"budget=30s, floor=0",42417.052906848345,0.38391405342624857,60.0,39.622231307817856,178.84023035570573,180.68917305546347,102.22067363530778,1249487,1249280,207,0.9998343320098568
backlog_per_instance,30.0,"budget=30s, floor=20",26684.297572346357,0.2367015098722416,60.0,0.0,134.77425275319257,153.58625134080648,67.57479674796748,1249487,1249430,57,0.9999543812780766
backlog_per_instance,30.0,"budget=30s, floor=40",18388.62159726833,0.06265969802555169,60.0,0.0,86.5484571776225,123.84790699952282,54.695238095238096,1249487,1249448,39,0.9999687871902628
backlog_per_instance,30.0,"budget=30s, floor=60",18388.504316945633,0.005284552845528455,60.0,0.0,51.871668673235746,94.64353837713134,62.32996515679442,1249487,1249450,37,0.9999703878471725
backlog_per_instance,30.0,"budget=30s, floor=80",23220.84865680271,0.0003484320557491289,60.0,0.0,21.67492997731789,75.05978997738566,80.36416957026714,1249487,1249450,37,0.9999703878471725
backlog_per_instance,45.0,"budget=45s, floor=0",22755.48497318788,0.44059233449477353,60.0,57.80088207519657,198.44585926243687,206.94966826133896,50.56242740998839,1249487,1249418,69,0.9999447773366189
backlog_per_instance,45.0,"budget=45s, floor=20",19864.935256565583,0.29036004645760743,60.0,24.799774121704104,145.49078634671235,168.44011572445743,52.27253193960511,1249487,1249390,97,0.9999223681398846
backlog_per_instance,45.0,"budget=45s, floor=40",16618.005944400284,0.13199767711962834,60.0,1.1109138857391372,103.22657042266752,134.65817648067605,51.69186991869919,1249487,1249448,39,0.9999687871902628
backlog_per_instance,45.0,"budget=45s, floor=60",18098.711933612776,0.01713124274099884,60.0,0.0,67.94335801987214,109.91558546223678,61.83263646922183,1249487,1249450,37,0.9999703878471725
backlog_per_instance,45.0,"budget=45s, floor=80",23173.362439799203,0.0025551684088269454,60.0,0.0,34.22933191738608,82.3666728589451,80.30871080139373,1249487,1249450,37,0.9999703878471725
backlog_per_instance,60.0,"budget=60s, floor=0",23554.12324397884,0.5270034843205574,60.0,65.62054760658066,209.43626122183633,217.15124238762655,58.02706155632985,1249487,1249340,147,0.9998823517171447
backlog_per_instance,60.0,"budget=60s, floor=20",17728.022708143562,0.3918118466898955,60.0,39.362973467912525,158.0138383505412,176.79696466343012,49.75632984901278,1249487,1249361,126,0.9998991586146955
backlog_per_instance,60.0,"budget=60s, floor=40",15562.933136071353,0.24698025551684089,60.0,9.31968428773689,115.12926025831095,151.3037662623683,49.83524970963995,1249487,1249434,53,0.9999575825918957
backlog_per_instance,60.0,"budget=60s, floor=60",17911.142443552104,0.038908246225319396,60.0,0.0,80.27329197670566,121.27471250283998,61.54761904761905,1249487,1249450,37,0.9999703878471725
backlog_per_instance,60.0,"budget=60s, floor=80",23138.38337614238,0.006562137049941928,60.0,0.0,47.59257634902973,96.57648164103739,80.24198606271777,1249487,1249450,37,0.9999703878471725
backlog_per_instance,90.0,"budget=90s, floor=0",16766.562192902944,0.709465737514518,60.0,107.20757526249508,226.54385534782838,236.21642275794875,43.95133565621371,1249487,1249280,207,0.9998343320098568
backlog_per_instance,90.0,"budget=90s, floor=20",15063.596946664955,0.5255516840882695,60.0,67.13470662583131,180.60893292975615,201.35618980997242,44.303077816492454,1249487,1249414,73,0.9999415760227998
backlog_per_instance,90.0,"budget=90s, floor=40",14707.24237758847,0.4272357723577236,60.0,34.22748213639716,141.8357005796623,171.37509171140846,48.30301974448316,1249487,1249448,39,0.9999687871902628
backlog_per_instance,90.0,"budget=90s, floor=60",17786.134542026222,0.08426248548199768,60.0,0.0,109.78311429358386,151.04960406105965,61.303716608594655,1249487,1249450,37,0.9999703878471725
backlog_per_instance,90.0,"budget=90s, floor=80",23121.952474933736,0.013995354239256678,60.0,0.0,80.44763128927102,122.7372196787037,80.21120789779326,1249487,1249450,37,0.9999703878471725
backlog_per_instance,120.0,"budget=120s, floor=0",14000.573349526248,0.8645760743321719,60.0,125.34882738714805,242.82443466776874,255.97280945722014,39.8869918699187,1249487,1249375,112,0.9999103632130626
backlog_per_instance,120.0,"budget=120s, floor=20",13324.377280493272,0.6753774680603949,60.0,110.5294957718288,196.4441023267062,217.9450037969509,41.5835656213705,1249487,1249237,250,0.9997999178863005
backlog_per_instance,120.0,"budget=120s, floor=40",14355.088832447633,0.5227642276422764,60.0,78.21251262322767,163.2521302654938,196.13900997978635,47.83159117305459,1249487,1249362,125,0.9998999589431503
backlog_per_instance,120.0,"budget=120s, floor=60",17714.101535314672,0.10447154471544716,60.0,0.0,135.26704873719603,176.22573830280453,61.200987224157956,1249487,1249450,37,0.9999703878471725
backlog_per_instance,120.0,"budget=120s, floor=80",23109.642635272397,0.016957026713124275,60.0,0.0,114.99822390201086,146.29516151419375,80.19564459930314,1249487,1249450,37,0.9999703878471725
backlog_per_instance,180.0,"budget=180s, floor=0",10987.587903404394,0.9955865272938443,60.0,180.68392165389378,225.56134238771114,330.79831655486487,36.70725900116144,1249487,1249248,239,0.9998087214993033
backlog_per_instance,180.0,"budget=180s, floor=20",11925.546044231749,0.7170150987224158,60.0,175.25489847444987,207.0103881758277,229.50649943191092,40.201800232288036,1249487,1249248,239,0.9998087214993033
backlog_per_instance,180.0,"budget=180s, floor=40",13875.009123247963,0.5419279907084785,60.0,150.32498476837645,201.9988717594024,220.80771563597955,47.3191637630662,1249487,1249264,223,0.99982152675458
backlog_per_instance,180.0,"budget=180s, floor=60",17635.476185137988,0.11504065040650406,60.0,0.0,189.8905280728179,224.11367397406138,61.094018583042974,1249487,1249450,37,0.9999703878471725
backlog_per_instance,180.0,"budget=180s, floor=80",23097.16889201465,0.018641114982578397,60.0,0.0,174.7921038906816,203.41305439791176,80.17473867595818,1249487,1249450,37,0.9999703878471725
backlog_per_instance,300.0,"budget=300s, floor=0",10689.967095748907,1.0,60.0,297.54459489299916,329.8531679463656,402.6321122471127,36.39663182346109,1249487,1249084,403,0.9996774676327165
backlog_per_instance,300.0,"budget=300s, floor=20",11668.007578625075,0.7251451800232288,60.0,294.0708301511404,319.0995677179786,335.06773024611175,39.90993031358885,1249487,1249083,404,0.9996766673042616
backlog_per_instance,300.0,"budget=300s, floor=40",13680.840052643376,0.554123112659698,60.0,266.27228082453075,316.83243688395834,329.90717751008924,47.07096399535424,1249487,1249083,404,0.9996766673042616
backlog_per_instance,300.0,"budget=300s, floor=60",17588.889828217085,0.12195121951219512,60.0,0.0,307.1392598035956,320.3014267788385,61.00696864111498,1249487,1249450,37,0.9999703878471725
backlog_per_instance,300.0,"budget=300s, floor=80",23086.128673836643,0.02061556329849013,60.0,0.0,294.1862132553538,317.06129080813844,80.14854819976772,1249487,1249450,37,0.9999703878471725
backlog_per_instance,600.0,"budget=600s, floor=0",10548.609343458995,1.0,60.0,593.5972970565199,643.1380900124941,746.2402430280345,36.24773519163763,1249487,1248645,842,0.9993261234410602
backlog_per_instance,600.0,"budget=600s, floor=20",11522.086677394771,0.7369918699186991,60.0,589.0392213656451,629.3420071269799,657.8683058048482,39.70452961672474,1249487,1248645,842,0.9993261234410602
backlog_per_instance,600.0,"budget=600s, floor=40",13540.280681567338,0.5695702671312427,60.0,446.5170387826274,623.1807906599873,644.8850357620686,46.821718931475026,1249487,1248646,841,0.999326923769515
backlog_per_instance,600.0,"budget=600s, floor=60",17540.067805678573,0.13559814169570267,60.0,0.0,608.2344509075832,635.2502045126748,60.875087108013936,1249487,1249334,153,0.999877549746416
backlog_per_instance,600.0,"budget=600s, floor=80",23070.121488706336,0.02392566782810685,60.0,0.0,558.3626061733211,616.0935562807135,80.10029036004646,1249487,1249450,37,0.9999703878471725
arrival_rate,0.3,"util=0.3, window=3m",35994.433333333334,0.0,60.0,0.0,0.0,18.460982243763283,121.68548199767712,1249487,1249450,37,0.9999703878471725
arrival_rate,0.3,"util=0.3, window=5m",35622.816666666666,0.0,60.0,0.0,0.0,14.417938262689859,121.5088850174216,1249487,1249450,37,0.9999703878471725
arrival_rate,0.3,"util=0.3, window=10m",35244.11666666667,0.0,60.0,0.0,0.0,9.532536682119826,121.01672473867596,1249487,1249450,37,0.9999703878471725
arrival_rate,0.3,"util=0.3, window=15m",35128.73333333333,0.0,60.0,0.0,0.0,8.192957967054099,120.89564459930314,1249487,1249450,37,0.9999703878471725
arrival_rate,0.4,"util=0.4, window=3m",27025.433333333334,5.8072009291521487e-05,60.0,0.0,0.0,64.30089375143871,91.35615563298491,1249487,1249450,37,0.9999703878471725
arrival_rate,0.4,"util=0.4, window=5m",26731.200363316173,0.0,60.0,0.0,0.0,50.96955777646508,91.16968641114983,1249487,1249450,37,0.9999703878471725
arrival_rate,0.4,"util=0.4, window=10m",26453.883763557693,0.0,60.0,0.0,0.0,41.26972270582337,90.82624854819977,1249487,1249450,37,0.9999703878471725
arrival_rate,0.4,"util=0.4, window=15m",26372.2,0.0,60.0,0.0,0.0,41.26972270582337,90.75801393728223,1249487,1249450,37,0.9999703878471725
arrival_rate,0.5,"util=0.5, window=3m",21612.07342885026,0.00017421602787456446,60.0,0.0,1.947981101356932,67.03045882296283,73.06045296167247,1249487,1249450,37,0.9999703878471725
arrival_rate,0.5,"util=0.5, window=5m",21404.703043742877,5.8072009291521487e-05,60.0,0.0,0.0,73.45819609961472,73.0000580720093,1249487,1249450,37,0.9999703878471725
arrival_rate,0.5,"util=0.5, window=10m",21188.454979472564,5.8072009291521487e-05,60.0,0.0,0.0,73.45819609961472,72.74117305458769,1249487,1249450,37,0.9999703878471725
arrival_rate,0.5,"util=0.5, window=15m",21120.100197370666,0.0,60.0,0.0,0.0,52.27995509275934,72.67729384436701,1249487,1249450,37,0.9999703878471725
arrival_rate,0.6,"util=0.6, window=3m",18055.48102029179,0.0006968641114982578,60.0,0.0,13.100693670540371,89.49378035939299,61.02839721254355,1249487,1249450,37,0.9999703878471725
arrival_rate,0.6,"util=0.6, window=5m",17870.38195677326,0.0004645760743321719,60.0,0.0,9.444551932348244,85.11997053097002,60.94436701509872,1249487,1249450,37,0.9999703878471725
arrival_rate,0.6,"util=0.6, window=10m",17681.93636276049,0.00029036004645760743,60.0,0.0,6.738918955111926,85.11997053097002,60.70040650406504,1249487,1249450,37,0.9999703878471725
arrival_rate,0.6,"util=0.6, window=15m",17625.957385887898,0.0003484320557491289,60.0,0.0,7.318991719330574,73.45819609961472,60.649651567944254,1249487,1249450,37,0.9999703878471725
arrival_rate,0.7,"util=0.7, window=3m",15494.66682737029,0.002613240418118467,60.0,0.0,29.700758645769984,133.45819609961472,52.37636469221835,1249487,1249450,37,0.9999703878471725
arrival_rate,0.7,"util=0.7, window=5m",15340.025985082388,0.0009872241579558653,60.0,0.0,19.060726229007145,134.41793826268986,52.313879210220676,1249487,1249450,37,0.9999703878471725
arrival_rate,0.7,"util=0.7, window=10m",15176.592498935372,0.0015098722415795587,60.0,0.0,20.763950134296323,95.88241876766551,52.097851335656216,1249487,1249450,37,0.9999703878471725
arrival_rate,0.7,"util=0.7, window=15m",15128.165373098464,0.0009291521486643438,60.0,0.0,19.959560834496614,95.88241876766551,52.0527293844367,1249487,1249450,37,0.9999703878471725
arrival_rate,0.8,"util=0.8, window=3m",13571.93573086107,0.006678281068524971,60.0,0.0,50.12870326667514,134.41793826268986,45.86747967479675,1249487,1249450,37,0.9999703878471725
arrival_rate,0.8,"util=0.8, window=5m",13423.329581210128,0.004878048780487805,60.0,0.0,45.950093892925665,154.87347626627889,45.76620209059234,1249487,1249450,37,0.9999703878471725
arrival_rate,0.8,"util=0.8, window=10m",13286.073730351427,0.005981416957026713,60.0,0.0,47.158269949997226,132.764140174957,45.6061556329849,1249487,1249450,37,0.9999703878471725
arrival_rate,0.8,"util=0.8, window=15m",13245.975248487668,0.008188153310104529,60.0,0.0,53.04277885355323,129.53253668211983,45.57253193960511,1249487,1249450,37,0.9999703878471725
arrival_rate,0.9,"util=0.9, window=3m",12075.022052108368,0.024738675958188152,60.0,0.0,83.69344842752588,174.17423820475233,40.799419279907085,1249487,1249450,37,0.9999703878471725
arrival_rate,0.9,"util=0.9, window=5m",11945.477655666564,0.02450638792102207,60.0,0.0,84.98957208633564,160.4692973398487,40.72932636469222,1249487,1249450,37,0.9999703878471725
arrival_rate,0.9,"util=0.9, window=10m",11825.937510506059,0.03403019744483159,60.0,0.0,98.95135345620794,179.04256798163988,40.58693379790941,1249487,1249450,37,0.9999703878471725
arrival_rate,0.9,"util=0.9, window=15m",11790.355549823207,0.07073170731707316,60.0,0.0,144.62459070331542,250.7508174624527,40.5595818815331,1249487,1249450,37,0.9999703878471725
arrival_rate,1.0,"util=1, window=3m",10863.337306369916,0.7209059233449477,60.0,135.7602002712665,296.3315353776656,340.3753662677482,36.687514518002324,1249487,1249448,39,0.9999687871902628
arrival_rate,1.0,"util=1, window=5m",10761.37133451028,0.5612078977932636,60.0,76.43314253482095,273.21698508977335,316.6139051274513,36.684610917537746,1249487,1249449,38,0.9999695875187177
arrival_rate,1.0,"util=1, window=10m",10667.73507641782,0.674506387921022,60.0,146.23928844521288,306.37340979106926,330.3981513044564,36.59674796747967,1249487,1249449,38,0.9999695875187177
arrival_rate,1.0,"util=1, window=15m",10661.687614460478,0.6737514518002323,60.0,148.733761286363,311.141709255816,341.0376960435533,36.655632984901274,1249487,1249449,38,0.9999695875187177
forecast_seasonal_naive_pure,0.5,"q=0.5, util=0.7",15959.086265254336,0.14889663182346108,60.0,0.0,16739.500778363767,22019.191203060676,52.45249709639953,1249487,1249418,69,0.9999447773366189
forecast_seasonal_naive_composed,0.5,"q=0.5, util=0.7",16451.004327294257,0.00023228803716608595,60.0,0.0,9.185401327334555,76.89843032488716,54.77677119628339,1249487,1249450,37,0.9999703878471725
forecast_seasonal_naive_pure,0.5,"q=0.5, util=0.85",13164.639419244333,0.3952380952380952,60.0,3.177934611332603,30906.69662943582,32196.48108631838,43.231939605110334,1249487,1247966,1521,0.9987827004202525
forecast_seasonal_naive_composed,0.5,"q=0.5, util=0.85",14464.620395206122,0.0005807200929152149,60.0,0.0,15.777538940368983,96.68733863593661,48.86306620209059,1249487,1249450,37,0.9999703878471725
forecast_seasonal_naive_pure,0.5,"q=0.5, util=1",11218.23103834187,0.8031939605110336,60.0,7829.657122424222,47525.846653198,48849.47783095972,36.80702671312427,1249487,1198730,50757,0.9593777286198256
forecast_seasonal_naive_composed,0.5,"q=0.5, util=1",13708.788923696302,0.0008710801393728223,60.0,0.0,22.750435811388325,96.68733863593661,46.76660859465738,1249487,1249450,37,0.9999703878471725
forecast_seasonal_naive_pure,0.7,"q=0.7, util=0.7",17705.945395610368,0.04686411149825784,60.0,0.0,1057.186345801215,1197.6540790209547,58.33925667828107,1249487,1249448,39,0.9999687871902628
forecast_seasonal_naive_composed,0.7,"q=0.7, util=0.7",17951.80640102693,5.8072009291521487e-05,60.0,0.0,2.7195295834762625,61.080952808479196,59.53379790940767,1249487,1249450,37,0.9999703878471725
forecast_seasonal_naive_pure,0.7,"q=0.7, util=0.85",14602.972601848862,0.21736353077816492,60.0,0.0,22159.270507877354,27035.411664743908,48.08263646922183,1249487,1249177,310,0.9997518981790127
forecast_seasonal_naive_composed,0.7,"q=0.7, util=0.85",15364.05818610615,0.00023228803716608595,60.0,0.0,7.631728636014162,76.89843032488716,51.51242740998838,1249487,1249450,37,0.9999703878471725
forecast_seasonal_naive_pure,0.7,"q=0.7, util=1",12435.386773807873,0.5098722415795587,60.0,85.66903189240838,32912.343329914496,34106.02255596401,40.919744483159114,1249487,1242204,7283,0.9941712078637073
forecast_seasonal_naive_composed,0.7,"q=0.7, util=1",14115.976890185335,0.0005226480836236934,60.0,0.0,11.957586186069378,96.68733863593661,47.921544715447155,1249487,1249450,37,0.9999703878471725
forecast_seasonal_naive_pure,0.8,"q=0.8, util=0.7",18897.557841051857,0.020441347270615563,60.0,0.0,425.3574184947396,792.302558026975,62.34221835075493,1249487,1249450,37,0.9999703878471725
forecast_seasonal_naive_composed,0.8,"q=0.8, util=0.7",19048.7321108869,5.8072009291521487e-05,60.0,0.0,0.2569780487675837,61.080952808479196,63.107317073170734,1249487,1249450,37,0.9999703878471725
forecast_seasonal_naive_pure,0.8,"q=0.8, util=0.85",15591.233469266745,0.12351916376306621,60.0,0.0,17286.061490373973,22323.87102069077,51.41202090592334,1249487,1249428,59,0.9999527806211669
forecast_seasonal_naive_composed,0.8,"q=0.8, util=0.85",16111.502752771254,5.8072009291521487e-05,60.0,0.0,4.132019834492838,61.080952808479196,53.80981416957027,1249487,1249450,37,0.9999703878471725
forecast_seasonal_naive_pure,0.8,"q=0.8, util=1",13271.40913696862,0.32955865272938445,60.0,0.0,28457.666868969445,30921.65005556203,43.75232288037166,1249487,1247972,1515,0.9987875023909812
forecast_seasonal_naive_composed,0.8,"q=0.8, util=1",14519.440989532435,0.00023228803716608595,60.0,0.0,8.467465549188288,76.89843032488716,49.07479674796748,1249487,1249450,37,0.9999703878471725
forecast_seasonal_naive_pure,0.9,"q=0.9, util=0.7",20663.538815198626,0.008072009291521487,60.0,0.0,41.21190894228762,336.7490608791122,68.2855981416957,1249487,1249450,37,0.9999703878471725
forecast_seasonal_naive_composed,0.9,"q=0.9, util=0.7",20736.376527919183,0.0,60.0,0.0,0.0,30.374976146384142,68.6746225319396,1249487,1249450,37,0.9999703878471725
forecast_seasonal_naive_pure,0.9,"q=0.9, util=0.85",17039.06287421813,0.05476190476190476,60.0,0.0,3404.548659591419,4788.110789119848,56.29825783972125,1249487,1249448,39,0.9999687871902628
forecast_seasonal_naive_composed,0.9,"q=0.9, util=0.85",17329.137856405647,5.8072009291521487e-05,60.0,0.0,1.5294995765993509,61.080952808479196,57.67578397212544,1249487,1249450,37,0.9999703878471725
forecast_seasonal_naive_pure,0.9,"q=0.9, util=1",14508.919589494713,0.17921022067363532,60.0,0.0,21673.17720634825,26392.572422399768,47.9246806039489,1249487,1249181,306,0.9997550994928318
forecast_seasonal_naive_composed,0.9,"q=0.9, util=1",15281.816304307376,0.00017421602787456446,60.0,0.0,4.550473261699835,67.11241052800324,51.34425087108014,1249487,1249450,37,0.9999703878471725
forecast_seasonal_naive_pure,0.95,"q=0.95, util=0.7",22506.898069019106,0.0010452961672473868,60.0,0.0,0.0,136.32272241380997,74.48641114982578,1249487,1249450,37,0.9999703878471725
forecast_seasonal_naive_composed,0.95,"q=0.95, util=0.7",22540.495058905395,0.0,60.0,0.0,0.0,30.374976146384142,74.66765389082462,1249487,1249450,37,0.9999703878471725
forecast_seasonal_naive_pure,0.95,"q=0.95, util=0.85",18557.533181310628,0.021254355400696864,60.0,0.0,467.75491266510267,846.3205700134858,61.41596980255517,1249487,1249450,37,0.9999703878471725
forecast_seasonal_naive_composed,0.95,"q=0.95, util=0.85",18713.207177391905,0.0,60.0,0.0,0.0,30.374976146384142,62.17444831591173,1249487,1249450,37,0.9999703878471725
forecast_seasonal_naive_pure,0.95,"q=0.95, util=1",15789.274785184485,0.09239256678281069,60.0,0.0,14324.612182430228,18805.494859847822,52.23960511033682,1249487,1249444,43,0.9999655858764437
forecast_seasonal_naive_composed,0.95,"q=0.95, util=1",16258.7075903294,5.8072009291521487e-05,60.0,0.0,2.137240240167626,64.6864823376527,54.365737514518,1249487,1249450,37,0.9999703878471725
forecast_seasonal_naive_pure,0.99,"q=0.99, util=0.7",27422.614741283174,0.0,60.0,0.0,0.0,14.670453619095497,91.02508710801393,1249487,1249450,37,0.9999703878471725
forecast_seasonal_naive_composed,0.99,"q=0.99, util=0.7",27425.940125724414,0.0,60.0,0.0,0.0,4.470955633209087,91.04761904761905,1249487,1249450,37,0.9999703878471725
forecast_seasonal_naive_pure,0.99,"q=0.99, util=0.85",22594.95634080782,0.00011614401858304297,60.0,0.0,0.0,61.71655671286862,75.00185830429733,1249487,1249450,37,0.9999703878471725
forecast_seasonal_naive_composed,0.99,"q=0.99, util=0.85",22627.942401980465,0.0,60.0,0.0,0.0,17.74981526727788,75.16666666666667,1249487,1249450,37,0.9999703878471725
forecast_seasonal_naive_pure,0.99,"q=0.99, util=1",19237.43345768675,0.013182346109175378,60.0,0.0,187.95919956633617,559.6978464596905,63.842624854819974,1249487,1249450,37,0.9999703878471725
forecast_seasonal_naive_composed,0.99,"q=0.99, util=1",19348.620076007854,0.0,60.0,0.0,0.0,25.164255615556613,64.37526132404182,1249487,1249450,37,0.9999703878471725
forecast_seasonal_naive_adjusted_pure,0.5,"q=0.5, util=0.7",16324.528821431928,0.04123112659698026,60.0,0.0,2663.7099148345524,3899.3689949988475,53.59088269454123,1249487,1249450,37,0.9999703878471725
forecast_seasonal_naive_adjusted_composed,0.5,"q=0.5, util=0.7",16480.82851990112,0.00017421602787456446,60.0,0.0,9.938626147603193,68.52176507888362,54.525261324041814,1249487,1249450,37,0.9999703878471725
forecast_seasonal_naive_adjusted_pure,0.5,"q=0.5, util=0.85",13465.462406387627,0.16277584204413473,60.0,0.0,5492.89064726019,7742.516324217315,44.16800232288037,1249487,1249438,49,0.9999607839057149
forecast_seasonal_naive_adjusted_composed,0.5,"q=0.5, util=0.85",14234.072597149983,0.0006387921022067364,60.0,0.0,18.45970497551338,88.7852764390409,48.03995354239257,1249487,1249450,37,0.9999703878471725
forecast_seasonal_naive_adjusted_pure,0.5,"q=0.5, util=1",11478.070151106725,0.8096399535423926,60.0,458.62482263619313,15661.939321133026,16863.184371898766,37.620383275261325,1249487,1247727,1760,0.9985914219195557
forecast_seasonal_naive_adjusted_composed,0.5,"q=0.5, util=1",13515.469665498274,0.0013356562137049942,60.0,0.0,25.24459011257452,90.33746776758198,46.191347270615566,1249487,1249450,37,0.9999703878471725
forecast_seasonal_naive_adjusted_pure,0.7,"q=0.7, util=0.7",17852.455090184387,0.014750290360046457,60.0,0.0,132.36542417203853,1480.7014444516244,58.740243902439026,1249487,1249450,37,0.9999703878471725
forecast_seasonal_naive_adjusted_composed,0.7,"q=0.7, util=0.7",17914.467371455572,0.0,60.0,0.0,2.87983777449823,42.673220032593235,59.119396051103365,1249487,1249450,37,0.9999703878471725
forecast_seasonal_naive_adjusted_pure,0.7,"q=0.7, util=0.85",14725.244479224668,0.04105691056910569,60.0,0.0,2469.4365023528753,3669.186372702374,48.42793263646922,1249487,1249448,39,0.9999687871902628
forecast_seasonal_naive_adjusted_composed,0.7,"q=0.7, util=0.85",15075.595292429622,0.00011614401858304297,60.0,0.0,8.162113511726506,65.49227715993766,50.38704994192799,1249487,1249450,37,0.9999703878471725
forecast_seasonal_naive_adjusted_pure,0.7,"q=0.7, util=1",12542.330338675905,0.21207897793263647,60.0,0.03087590602808632,4858.755816249565,6951.913722719808,41.22990708478513,1249487,1249374,113,0.9999095628846079
forecast_seasonal_naive_adjusted_composed,0.7,"q=0.7, util=1",13807.177537600039,0.0003484320557491289,60.0,0.0,14.778749638482784,70.39900782715995,46.95522648083624,1249487,1249450,37,0.9999703878471725
forecast_seasonal_naive_adjusted_pure,0.8,"q=0.8, util=0.7",18822.253851771904,0.007317073170731708,60.0,0.0,31.612706880859513,964.7462180901493,61.98461091753774,1249487,1249450,37,0.9999703878471725
forecast_seasonal_naive_adjusted_composed,0.8,"q=0.8, util=0.7",18860.39414580551,0.0,60.0,0.0,0.0,42.673220032593235,62.21579558652729,1249487,1249450,37,0.9999703878471725
forecast_seasonal_naive_adjusted_pure,0.8,"q=0.8, util=0.85",15527.73948986928,0.02229965156794425,60.0,0.0,917.0968008040842,2440.909050369897,51.130197444831595,1249487,1249450,37,0.9999703878471725
forecast_seasonal_naive_adjusted_composed,0.8,"q=0.8, util=0.85",15730.240545701654,0.0,60.0,0.0,4.583066139956837,50.95418305310886,52.32288037166086,1249487,1249450,37,0.9999703878471725
forecast_seasonal_naive_adjusted_pure,0.8,"q=0.8, util=1",13227.39830197516,0.09337979094076655,60.0,0.0,3043.703562766807,4339.1858786245575,43.55313588850174,1249487,1249438,49,0.9999607839057149
forecast_seasonal_naive_adjusted_composed,0.8,"q=0.8, util=1",14104.812809773572,0.00017421602787456446,60.0,0.0,9.275036269559354,67.11241052800324,47.75063879210221,1249487,1249450,37,0.9999703878471725
forecast_seasonal_naive_adjusted_pure,0.9,"q=0.9, util=0.7",20299.64360822788,0.003658536585365854,60.0,0.0,3.008552972978549,428.1604963994032,66.96219512195123,1249487,1249450,37,0.9999703878471725
forecast_seasonal_naive_adjusted_composed,0.9,"q=0.9, util=0.7",20315.680957836154,0.0,60.0,0.0,0.0,42.673220032593235,67.05662020905923,1249487,1249450,37,0.9999703878471725
forecast_seasonal_naive_adjusted_pure,0.9,"q=0.9, util=0.85",16743.866386222628,0.01091753774680604,60.0,0.0,74.94535335984293,1179.3281593801366,55.228803716608596,1249487,1249450,37,0.9999703878471725
forecast_seasonal_naive_adjusted_composed,0.9,"q=0.9, util=0.85",16833.112075242585,0.0,60.0,0.0,1.3599299997185126,41.7895138435415,55.76753774680604,1249487,1249450,37,0.9999703878471725
forecast_seasonal_naive_adjusted_pure,0.9,"q=0.9, util=1",14253.346944673687,0.03083623693379791,60.0,0.0,991.6958850407406,2496.78886271971,47.00371660859466,1249487,1249448,39,0.9999687871902628
forecast_seasonal_naive_adjusted_composed,0.9,"q=0.9, util=1",14726.716952107468,0.00023228803716608595,60.0,0.0,5.3112705562194655,88.7852764390409,49.466144018583044,1249487,1249450,37,0.9999703878471725
forecast_seasonal_naive_adjusted_pure,0.95,"q=0.95, util=0.7",21669.01304562069,0.0012775842044134727,60.0,0.0,0.0,158.74602652239264,71.56207897793264,1249487,1249450,37,0.9999703878471725
forecast_seasonal_naive_adjusted_composed,0.95,"q=0.95, util=0.7",21676.15942440621,0.0,60.0,0.0,0.0,17.143884928897023,71.60470383275262,1249487,1249450,37,0.9999703878471725
forecast_seasonal_naive_adjusted_pure,0.95,"q=0.95, util=0.85",17863.164351747848,0.006097560975609756,60.0,0.0,14.870738378240587,617.8188356803294,59.00331010452962,1249487,1249450,37,0.9999703878471725
forecast_seasonal_naive_adjusted_composed,0.95,"q=0.95, util=0.85",17907.52549030584,0.0,60.0,0.0,0.0,42.673220032593235,59.268118466898954,1249487,1249450,37,0.9999703878471725
forecast_seasonal_naive_adjusted_pure,0.95,"q=0.95, util=1",15195.757078634286,0.014692218350754935,60.0,0.0,277.9325555546572,1352.3752910838812,50.157375145180026,1249487,1249450,37,0.9999703878471725
forecast_seasonal_naive_adjusted_composed,0.95,"q=0.95, util=1",15444.803758704378,5.8072009291521487e-05,60.0,0.0,2.875250278417974,65.33033951290417,51.55911730545877,1249487,1249450,37,0.9999703878471725
forecast_seasonal_naive_adjusted_pure,0.99,"q=0.99, util=0.7",25038.238267552057,0.0,60.0,0.0,0.0,17.143429302959703,82.90023228803716,1249487,1249450,37,0.9999703878471725
forecast_seasonal_naive_adjusted_composed,0.99,"q=0.99, util=0.7",25039.63930478434,0.0,60.0,0.0,0.0,17.143429302959703,82.9095238095238,1249487,1249450,37,0.9999703878471725
forecast_seasonal_naive_adjusted_pure,0.99,"q=0.99, util=0.85",20639.64836015225,0.0007549361207897793,60.0,0.0,0.0,108.83042687122361,68.33275261324042,1249487,1249450,37,0.9999703878471725
forecast_seasonal_naive_adjusted_composed,0.99,"q=0.99, util=0.85",20646.871946073737,0.0,60.0,0.0,0.0,17.143429302959703,68.37677119628339,1249487,1249450,37,0.9999703878471725
forecast_seasonal_naive_adjusted_pure,0.99,"q=0.99, util=1",17561.151521712905,0.004181184668989547,60.0,0.0,4.071191815509746,424.2726083562593,58.1335656213705,1249487,1249450,37,0.9999703878471725
forecast_seasonal_naive_adjusted_composed,0.99,"q=0.99, util=1",17606.686654695244,0.0,60.0,0.0,0.0,26.220966478576884,58.409465737514516,1249487,1249450,37,0.9999703878471725
forecast_lightgbm_pure,0.5,"q=0.5, util=0.7",14961.313813883655,0.0029036004645760743,60.0,0.0,29.118537561637968,169.49717020822573,51.325783972125436,1249487,1249450,37,0.9999703878471725
forecast_lightgbm_composed,0.5,"q=0.5, util=0.7",15044.664976079206,0.0008130081300813008,60.0,0.0,14.64947855203202,96.68733863593661,51.644541231126595,1249487,1249450,37,0.9999703878471725
forecast_lightgbm_pure,0.5,"q=0.5, util=0.85",12342.427838715194,0.056678281068524974,60.0,0.0,542.5358692822145,1153.2437707451609,42.33983739837398,1249487,1249448,39,0.9999687871902628
forecast_lightgbm_composed,0.5,"q=0.5, util=0.85",13419.778679888639,0.0015098722415795587,60.0,0.0,25.708673183571328,96.68733863593661,46.056329849012776,1249487,1249450,37,0.9999703878471725
forecast_lightgbm_pure,0.5,"q=0.5, util=1",10510.554074664295,0.9015679442508711,60.0,1854.3759531594405,26822.683424586896,28910.56472412334,36.03908246225319,1249487,1237807,11680,0.9906521636479612
forecast_lightgbm_composed,0.5,"q=0.5, util=1",13312.22646786012,0.002613240418118467,60.0,0.0,33.17273825556987,96.68733863593661,45.691753774680606,1249487,1249450,37,0.9999703878471725
forecast_lightgbm_pure,0.7,"q=0.7, util=0.7",15898.245641899824,0.00017421602787456446,60.0,0.0,6.586951329177891,90.56940923522052,54.571312427409985,1249487,1249450,37,0.9999703878471725
forecast_lightgbm_composed,0.7,"q=0.7, util=0.7",15919.092770299152,0.00011614401858304297,60.0,0.0,5.176286730215086,76.89843032488716,54.65400696864111,1249487,1249450,37,0.9999703878471725
forecast_lightgbm_pure,0.7,"q=0.7, util=0.85",13112.65318461043,0.00272938443670151,60.0,0.0,36.11088789525721,170.60426628308778,45.003135888501745,1249487,1249448,39,0.9999687871902628
forecast_lightgbm_composed,0.7,"q=0.7, util=0.85",13633.513600658951,0.0005807200929152149,60.0,0.0,14.250531810500567,96.68733863593661,46.81451800232288,1249487,1249450,37,0.9999703878471725
forecast_lightgbm_pure,0.7,"q=0.7, util=1",11166.195333309519,0.2788617886178862,60.0,5.120535515176016,18071.715809771857,23314.19932313694,38.31196283391405,1249487,1248688,799,0.9993605375646165
forecast_lightgbm_composed,0.7,"q=0.7, util=1",13359.341606139733,0.0015098722415795587,60.0,0.0,24.28032747269968,113.77067679492757,45.84924506387921,1249487,1249450,37,0.9999703878471725
forecast_lightgbm_pure,0.8,"q=0.8, util=0.7",16508.28389814222,0.0,60.0,0.0,0.9792672246963916,46.770706284063635,56.65731707317073,1249487,1249450,37,0.9999703878471725
forecast_lightgbm_composed,0.8,"q=0.8, util=0.7",16515.85985386157,0.0,60.0,0.0,0.3118964306844789,46.770706284063635,56.68861788617886,1249487,1249450,37,0.9999703878471725
forecast_lightgbm_pure,0.8,"q=0.8, util=0.85",13610.978492540386,0.0006968641114982578,60.0,0.0,14.62699122494004,113.83730997506063,46.70563298490128,1249487,1249450,37,0.9999703878471725
forecast_lightgbm_composed,0.8,"q=0.8, util=0.85",13907.431536461383,0.00011614401858304297,60.0,0.0,9.245250736147959,76.89843032488716,47.75598141695703,1249487,1249450,37,0.9999703878471725
forecast_lightgbm_pure,0.8,"q=0.8, util=1",11591.836883944728,0.10940766550522649,60.0,0.0,15657.775154785919,20784.96012791188,39.76858304297329,1249487,1249209,278,0.9997775086895662
forecast_lightgbm_composed,0.8,"q=0.8, util=1",13405.20049610397,0.0007549361207897793,60.0,0.0,17.34768631685768,96.68733863593661,46.006852497096396,1249487,1249450,37,0.9999703878471725
forecast_lightgbm_pure,0.9,"q=0.9, util=0.7",17388.100437372374,0.0,60.0,0.0,0.0,24.67959002588759,59.65238095238095,1249487,1249450,37,0.9999703878471725
forecast_lightgbm_composed,0.9,"q=0.9, util=0.7",17391.36710403904,0.0,60.0,0.0,0.0,24.67959002588759,59.66631823461092,1249487,1249450,37,0.9999703878471725
forecast_lightgbm_pure,0.9,"q=0.9, util=0.85",14342.979023080723,0.0,60.0,0.0,6.310487701257457,55.67007409254438,49.20127758420441,1249487,1249450,37,0.9999703878471725
forecast_lightgbm_composed,0.9,"q=0.9, util=0.85",14482.014749654183,0.0,60.0,0.0,3.614711941947393,55.67007409254438,49.709581881533104,1249487,1249450,37,0.9999703878471725
forecast_lightgbm_pure,0.9,"q=0.9, util=1",12207.005548883615,0.049070847851335656,60.0,0.0,8959.902023157567,13142.541950501618,41.868757259001164,1249487,1249449,38,0.9999695875187177
forecast_lightgbm_composed,0.9,"q=0.9, util=1",13490.70364797833,0.00023228803716608595,60.0,0.0,10.77056781236701,76.89843032488716,46.29291521486643,1249487,1249450,37,0.9999703878471725
forecast_lightgbm_pure,0.95,"q=0.95, util=0.7",18133.46686224404,0.0,60.0,0.0,0.0,19.46399570365611,62.19198606271777,1249487,1249450,37,0.9999703878471725
forecast_lightgbm_composed,0.95,"q=0.95, util=0.7",18133.46686224404,0.0,60.0,0.0,0.0,19.46399570365611,62.19198606271777,1249487,1249450,37,0.9999703878471725
forecast_lightgbm_pure,0.95,"q=0.95, util=0.85",14956.321512881019,0.0,60.0,0.0,1.5153355805238475,46.770706284063635,51.28675958188153,1249487,1249450,37,0.9999703878471725
forecast_lightgbm_composed,0.95,"q=0.95, util=0.85",15030.338935772383,0.0,60.0,0.0,0.9991110045904058,46.770706284063635,51.558188153310105,1249487,1249450,37,0.9999703878471725
forecast_lightgbm_pure,0.95,"q=0.95, util=1",12729.242111865104,0.018292682926829267,60.0,0.0,345.6910125143203,536.523700580583,43.64547038327526,1249487,1249450,37,0.9999703878471725
forecast_lightgbm_composed,0.95,"q=0.95, util=1",13598.331156772687,0.00011614401858304297,60.0,0.0,7.497991686509792,67.11241052800324,46.648432055749126,1249487,1249450,37,0.9999703878471725
forecast_lightgbm_pure,0.99,"q=0.99, util=0.7",19616.083333333332,0.0,60.0,0.0,0.0,3.23415708495304,67.32874564459931,1249487,1249450,37,0.9999703878471725
forecast_lightgbm_composed,0.99,"q=0.99, util=0.7",19616.083333333332,0.0,60.0,0.0,0.0,3.23415708495304,67.32874564459931,1249487,1249450,37,0.9999703878471725
forecast_lightgbm_pure,0.99,"q=0.99, util=0.85",16172.066757687904,0.0,60.0,0.0,0.0,24.3060954491375,55.50278745644599,1249487,1249450,37,0.9999703878471725
forecast_lightgbm_composed,0.99,"q=0.99, util=0.85",16181.316666666668,0.0,60.0,0.0,0.0,24.3060954491375,55.537921022067366,1249487,1249450,37,0.9999703878471725
forecast_lightgbm_pure,0.99,"q=0.99, util=1",13764.154398138262,0.0003484320557491289,60.0,0.0,5.109337924799767,76.59273895481601,47.22915214866434,1249487,1249450,37,0.9999703878471725
forecast_lightgbm_composed,0.99,"q=0.99, util=1",14080.271785342806,5.8072009291521487e-05,60.0,0.0,2.8791125325043696,66.63321864558384,48.30981416957027,1249487,1249450,37,0.9999703878471725
